All,Continent,Region,Country
Global,Asia,Southern Asia,Afghanistan
Global,Europe,Southern Europe,Albania
Global,Africa,Northern Africa,Algeria
Global,Oceania,Polynesia,American Samoa
Global,Europe,Southern Europe,Andorra
Global,Africa,Middle Africa,Angola
Global,Latin America and the Caribbean,Caribbean,Anguilla
Global,Latin America and the Caribbean,Caribbean,Antigua and Barbuda
Global,Latin America and the Caribbean,South America,Argentina
Global,Asia,Western Asia,Armenia
Global,Latin America and the Caribbean,Caribbean,Aruba
Global,Oceania,Australia and New Zealand,Australia
Global,Europe,Western Europe,Austria
Global,Asia,Western Asia,Azerbaijan
Global,Latin America and the Caribbean,Caribbean,Bahamas
Global,Asia,Western Asia,Bahrain
Global,Asia,Southern Asia,Bangladesh
Global,Latin America and the Caribbean,Caribbean,Barbados
Global,Europe,Eastern Europe,Belarus
Global,Europe,Western Europe,Belgium
Global,Latin America and the Caribbean,Central America,Belize
Global,Africa,Western Africa,Benin
Global,Northern America,Northern America,Bermuda
Global,Asia,Southern Asia,Bhutan
Global,Latin America and the Caribbean,South America,Bolivia (Plurinational State of)
Global,Europe,Southern Europe,Bosnia and Herzegovina
Global,Africa,Southern Africa,Botswana
Global,Latin America and the Caribbean,South America,Brazil
Global,Latin America and the Caribbean,Caribbean,British Virgin Islands
Global,Asia,South-Eastern Asia,Brunei Darussalam
Global,Europe,Eastern Europe,Bulgaria
Global,Africa,Western Africa,Burkina Faso
Global,Africa,Eastern Africa,Burundi
Global,Asia,South-Eastern Asia,Cambodia
Global,Africa,Middle Africa,Cameroon
Global,Northern America,Northern America,Canada
Global,Africa,Western Africa,Cabo Verde
Global,Latin America and the Caribbean,Caribbean,"Bonaire, Sint Eustatius and Saba"
Global,Latin America and the Caribbean,Caribbean,Cayman Islands
Global,Africa,Middle Africa,Central African Republic
Global,Africa,Middle Africa,Chad
Global,Europe,Northern Europe,Channel Islands
Global,Latin America and the Caribbean,South America,Chile
Global,Asia,Eastern Asia,China
Global,Asia,Eastern Asia,"China, Hong Kong Special Administrative Region"
Global,Asia,Eastern Asia,"China, Macao Special Administrative Region"
Global,Latin America and the Caribbean,South America,Colombia
Global,Africa,Eastern Africa,Comoros
Global,Africa,Middle Africa,Congo
Global,Oceania,Polynesia,Cook Islands
Global,Latin America and the Caribbean,Central America,Costa Rica
Global,Africa,Western Africa,Côte d'Ivoire
Global,Europe,Southern Europe,Croatia
Global,Latin America and the Caribbean,Caribbean,Cuba
Global,Latin America and the Caribbean,Caribbean,Curaçao
Global,Asia,Western Asia,Cyprus
Global,Europe,Eastern Europe,Czech Republic
Global,Asia,Eastern Asia,Democratic People's Republic of Korea
Global,Africa,Middle Africa,Democratic Republic of the Congo
Global,Europe,Northern Europe,Denmark
Global,Africa,Eastern Africa,Djibouti
Global,Latin America and the Caribbean,Caribbean,Dominica
Global,Latin America and the Caribbean,Caribbean,Dominican Republic
Global,Latin America and the Caribbean,South America,Ecuador
Global,Africa,Northern Africa,Egypt
Global,Latin America and the Caribbean,Central America,El Salvador
Global,Africa,Middle Africa,Equatorial Guinea
Global,Africa,Eastern Africa,Eritrea
Global,Europe,Northern Europe,Estonia
Global,Africa,Eastern Africa,Ethiopia
Global,Europe,Northern Europe,Faeroe Islands
Global,Latin America and the Caribbean,South America,Falkland Islands (Malvinas)
Global,Oceania,Melanesia,Fiji
Global,Europe,Northern Europe,Finland
Global,Europe,Western Europe,France
Global,Latin America and the Caribbean,South America,French Guiana
Global,Oceania,Polynesia,French Polynesia
Global,Africa,Middle Africa,Gabon
Global,Africa,Western Africa,Gambia
Global,Asia,Western Asia,Georgia
Global,Europe,Western Europe,Germany
Global,Africa,Western Africa,Ghana
Global,Europe,Southern Europe,Gibraltar
Global,Europe,Southern Europe,Greece
Global,Northern America,Northern America,Greenland
Global,Latin America and the Caribbean,Caribbean,Grenada
Global,Latin America and the Caribbean,Caribbean,Guadeloupe
Global,Oceania,Micronesia,Guam
Global,Latin America and the Caribbean,Central America,Guatemala
Global,Africa,Western Africa,Guinea
Global,Africa,Western Africa,Guinea-Bissau
Global,Latin America and the Caribbean,South America,Guyana
Global,Latin America and the Caribbean,Caribbean,Haiti
Global,Europe,Southern Europe,Holy See
Global,Latin America and the Caribbean,Central America,Honduras
Global,Europe,Eastern Europe,Hungary
Global,Europe,Northern Europe,Iceland
Global,Asia,Southern Asia,India
Global,Asia,South-Eastern Asia,Indonesia
Global,Asia,Southern Asia,Iran (Islamic Republic of)
Global,Asia,Western Asia,Iraq
Global,Europe,Northern Europe,Ireland
Global,Europe,Northern Europe,Isle of Man
Global,Asia,Western Asia,Israel
Global,Europe,Southern Europe,Italy
Global,Latin America and the Caribbean,Caribbean,Jamaica
Global,Asia,Eastern Asia,Japan
Global,Asia,Western Asia,Jordan
Global,Asia,Central Asia,Kazakhstan
Global,Africa,Eastern Africa,Kenya
Global,Oceania,Micronesia,Kiribati
Global,Asia,Western Asia,Kuwait
Global,Asia,Central Asia,Kyrgyzstan
Global,Asia,South-Eastern Asia,Lao People's Democratic Republic
Global,Europe,Northern Europe,Latvia
Global,Asia,Western Asia,Lebanon
Global,Africa,Southern Africa,Lesotho
Global,Africa,Western Africa,Liberia
Global,Africa,Northern Africa,Libya
Global,Europe,Western Europe,Liechtenstein
Global,Europe,Northern Europe,Lithuania
Global,Europe,Western Europe,Luxembourg
Global,Africa,Eastern Africa,Madagascar
Global,Africa,Eastern Africa,Malawi
Global,Asia,South-Eastern Asia,Malaysia
Global,Asia,Southern Asia,Maldives
Global,Africa,Western Africa,Mali
Global,Europe,Southern Europe,Malta
Global,Oceania,Micronesia,Marshall Islands
Global,Latin America and the Caribbean,Caribbean,Martinique
Global,Africa,Western Africa,Mauritania
Global,Africa,Eastern Africa,Mauritius
Global,Africa,Eastern Africa,Mayotte
Global,Latin America and the Caribbean,Central America,Mexico
Global,Oceania,Micronesia,Micronesia (Federated States of)
Global,Europe,Western Europe,Monaco
Global,Asia,Eastern Asia,Mongolia
Global,Europe,Southern Europe,Montenegro
Global,Latin America and the Caribbean,Caribbean,Montserrat
Global,Africa,Northern Africa,Morocco
Global,Africa,Eastern Africa,Mozambique
Global,Asia,South-Eastern Asia,Myanmar
Global,Africa,Southern Africa,Namibia
Global,Oceania,Micronesia,Nauru
Global,Asia,Southern Asia,Nepal
Global,Europe,Western Europe,Netherlands
Global,Oceania,Melanesia,New Caledonia
Global,Oceania,Australia and New Zealand,New Zealand
Global,Latin America and the Caribbean,Central America,Nicaragua
Global,Africa,Western Africa,Niger
Global,Africa,Western Africa,Nigeria
Global,Oceania,Polynesia,Niue
Global,Oceania,Micronesia,Northern Mariana Islands
Global,Europe,Northern Europe,Norway
Global,Asia,Western Asia,Oman
Global,Asia,Southern Asia,Pakistan
Global,Oceania,Micronesia,Palau
Global,Latin America and the Caribbean,Central America,Panama
Global,Oceania,Melanesia,Papua New Guinea
Global,Latin America and the Caribbean,South America,Paraguay
Global,Latin America and the Caribbean,South America,Peru
Global,Asia,South-Eastern Asia,Philippines
Global,Europe,Eastern Europe,Poland
Global,Europe,Southern Europe,Portugal
Global,Latin America and the Caribbean,Caribbean,Puerto Rico
Global,Asia,Western Asia,Qatar
Global,Asia,Eastern Asia,Republic of Korea
Global,Europe,Eastern Europe,Republic of Moldova
Global,Africa,Eastern Africa,Réunion
Global,Europe,Eastern Europe,Romania
Global,Europe,Eastern Europe,Russian Federation
Global,Africa,Eastern Africa,Rwanda
Global,Africa,Western Africa,Saint Helena
Global,Latin America and the Caribbean,Caribbean,Saint Kitts and Nevis
Global,Latin America and the Caribbean,Caribbean,Saint Lucia
Global,Northern America,Northern America,Saint Pierre and Miquelon
Global,Latin America and the Caribbean,Caribbean,Saint Vincent and the Grenadines
Global,Oceania,Polynesia,Samoa
Global,Europe,Southern Europe,San Marino
Global,Africa,Middle Africa,Sao Tome and Principe
Global,Asia,Western Asia,Saudi Arabia
Global,Africa,Western Africa,Senegal
Global,Europe,Southern Europe,Serbia
Global,Africa,Eastern Africa,Seychelles
Global,Africa,Western Africa,Sierra Leone
Global,Asia,South-Eastern Asia,Singapore
Global,Latin America and the Caribbean,Caribbean,Sint Maarten (Dutch part)
Global,Europe,Eastern Europe,Slovakia
Global,Europe,Southern Europe,Slovenia
Global,Oceania,Melanesia,Solomon Islands
Global,Africa,Eastern Africa,Somalia
Global,Africa,Southern Africa,South Africa
Global,Africa,Eastern Africa,South Sudan
Global,Europe,Southern Europe,Spain
Global,Asia,Southern Asia,Sri Lanka
Global,Asia,Western Asia,State of Palestine
Global,Africa,Northern Africa,Sudan
Global,Latin America and the Caribbean,South America,Suriname
Global,Africa,Southern Africa,Swaziland
Global,Europe,Northern Europe,Sweden
Global,Europe,Western Europe,Switzerland
Global,Asia,Western Asia,Syrian Arab Republic
Global,Asia,Central Asia,Tajikistan
Global,Asia,South-Eastern Asia,Thailand
Global,Europe,Southern Europe,The former Yugoslav Republic of Macedonia
Global,Asia,South-Eastern Asia,Timor-Leste
Global,Africa,Western Africa,Togo
Global,Oceania,Polynesia,Tokelau
Global,Oceania,Polynesia,Tonga
Global,Latin America and the Caribbean,Caribbean,Trinidad and Tobago
Global,Africa,Northern Africa,Tunisia
Global,Asia,Western Asia,Turkey
Global,Asia,Central Asia,Turkmenistan
Global,Latin America and the Caribbean,Caribbean,Turks and Caicos Islands
Global,Oceania,Polynesia,Tuvalu
Global,Africa,Eastern Africa,Uganda
Global,Europe,Eastern Europe,Ukraine
Global,Asia,Western Asia,United Arab Emirates
Global,Europe,Northern Europe,United Kingdom of Great Britain and Northern Ireland
Global,Africa,Eastern Africa,United Republic of Tanzania
Global,Northern America,Northern America,United States of America
Global,Latin America and the Caribbean,Caribbean,United States Virgin Islands
Global,Latin America and the Caribbean,South America,Uruguay
Global,Asia,Central Asia,Uzbekistan
Global,Oceania,Melanesia,Vanuatu
Global,Latin America and the Caribbean,South America,Venezuela (Bolivarian Republic of)
Global,Asia,South-Eastern Asia,Viet Nam
Global,Oceania,Polynesia,Wallis and Futuna Islands
Global,Africa,Northern Africa,Western Sahara
Global,Asia,Western Asia,Yemen
Global,Africa,Eastern Africa,Zambia
Global,Africa,Eastern Africa,Zimbabwe
